<?xml version="1.0" encoding="UTF-8"?>
<!DOCTYPE mapper
  PUBLIC "-//mybatis.org//DTD Mapper 3.0//EN"
  "https://mybatis.org/dtd/mybatis-3-mapper.dtd">
<mapper namespace="pickedDAO">

	<!-- 찜한 상품 확인 -->
	<select id="selectPicked" parameterType="picked" resultType="picked">
		SELECT * FROM PICKED WHERE USER_ID = #{userId} AND PRODUCT_ID = #{productId}
	</select>
	
	<!-- 찜한 상품 리스트 조회 -->
	
	<!-- 찜한 상품 추가 -->
	<insert id="insertPicked" parameterType="picked">
		INSERT INTO PICKED (PICK_ID, USER_ID, PRODUCT_ID) VALUES (PICKED_SEQ.NEXTVAL, #{userId}, #{productId})
	</insert>
<!-- 	<selectKey keyProperty="pickId" resultType="int" order="AFTER">
		SELECT PICKED_SEQ.CURRVAL FROM DUAL
	</selectKey>	 -->
	
	<!-- 찜한 상품 삭제 -->
	<delete id="deletePicked" parameterType="picked">
		DELETE FROM PICKED WHERE USER_ID = #{userId} AND PRODUCT_ID = #{productId}
	</delete>
	
	
	
</mapper>