<?xml version="1.0" encoding="UTF-8"?>
<!-- dispatcherservlet이 사용하는  xml 파일 -->
<beans xmlns="http://www.springframework.org/schema/beans"
	xmlns:xsi="http://www.w3.org/2001/XMLSchema-instance"
	xmlns:context="http://www.springframework.org/schema/context"
	xmlns:mvc="http://www.springframework.org/schema/mvc"
	xsi:schemaLocation="http://www.springframework.org/schema/mvc http://www.springframework.org/schema/mvc/spring-mvc-4.3.xsd
		http://www.springframework.org/schema/beans http://www.springframework.org/schema/beans/spring-beans.xsd
		http://www.springframework.org/schema/context http://www.springframework.org/schema/context/spring-context-4.3.xsd">

	<context:component-scan base-package="com.spring.biz.view" />
	
	<!-- 어노테이션 설정 방식을 사용 + 기타 다양한 객체 생성 -->
	<mvc:annotation-driven />
	
	<!-- 파일 업로드 관련 설정(MultipartResolver) 
		Resolver 명칭이 있는 객체명은 대체로 정해져 있음 -->
	<bean id="multipartResolver"
		class="org.springframework.web.multipart.commons.CommonsMultipartResolver">
		<property name="maxUploadSize" value="20000000"></property>
	</bean>	
	
	<!-- Resolves views selected for rendering by @Controllers to .jsp resources in the /WEB-INF/views directory -->
	<bean class="org.springframework.web.servlet.view.InternalResourceViewResolver">
		<property name="prefix" value="/WEB-INF/jsp/" />  <!-- 접두어 -->
		<property name="suffix" value=".jsp" /> <!--  접미어 -->
	</bean>
	
</beans>
