<?xml version="1.0" encoding="UTF-8"?>
<!DOCTYPE mapper
  PUBLIC "-//mybatis.org//DTD Mapper 3.0//EN"
  "https://mybatis.org/dtd/mybatis-3-mapper.dtd">
<mapper namespace="orders">
	<!-- 주문 테이블에 insert -->
	<insert id="insertOrder" parameterType="orders">
	INSERT INTO ORDERS (ORDER_ID, USER_ID, ORDER_STATUS, ORDER_DATE, MEMO,
	TOTAL_CNT, TOTAL_PRICE)
	VALUES (#{orderId}, #{userId}, #{orderStatus}, CURRENT_TIMESTAMP, #{memo},
	#{totalCnt}, #{totalPrice})
	</insert>
	
	<!-- 방금 들어간 orderId 조회 -->
	<select id="orderIdSelect" parameterType="string" resultType="orders">
	SELECT MAX(ORDER_ID) FROM ORDERS ORDER BY ORDER_DATE DESC
	</select>
	
	<!-- 주문내역 조회(마이페이지) -->
	<select id="selectAllMyOrders" parameterType="orders" resultType="orders">
	SELECT * FROM ORDERS WHERE USER_ID = #{userId}
	</select>
	
	<!--주문취소(상태변경) -->
	<update id="updateOrderStatus" parameterType="orders">
	UPDATE ORDERS SET ORDER_STATUS = #{orderStatus} WHERE ORDER_ID = #{orderId}
	</update>
	
	<!-- status 배송중인거 조회 -->
	<select id="selectCnt" parameterType="string" resultType="orders">
	SELECT *
	FROM ORDERS
	WHERE USER_ID = #{userId} AND ORDER_STATUS = #{orderStatus}
	</select>
</mapper>