<?xml version="1.0" encoding="UTF-8"?>
<!DOCTYPE mapper
  PUBLIC "-//mybatis.org//DTD Mapper 3.0//EN"
  "https://mybatis.org/dtd/mybatis-3-mapper.dtd">
<mapper namespace="cart">
	<!-- 제품 상세 조회 -->
	<select id="getProductDetail" parameterType="product" resultType="product">
		SELECT * FROM PRODUCT WHERE PRODUCT_ID = #{productId}
	</select>
	<!-- 장바구니에 담기 -->
	<insert id="insertCartItem" parameterType="cart">
		INSERT INTO CART (CART_ID, PRODUCT_ID, USER_ID, QUANTITY)
		VALUES (CART_SEQ.NEXTVAL, #{productId}, #{userId}, #{quantity})
	</insert>
	
	<!-- 장바구니 목록 조회 -->
	<select id="getCart" parameterType="cart" resultType="cart">
		SELECT P.PRODUCT_ID, P.TITLE, P.PRICE, P.IMAGE, P.BRAND, P.DISCOUNT_RATE, P.ORIGIN, P.DISCOUNTED_PRICE,
		C.CART_ID, C.QUANTITY,C.USER_ID
		FROM CART C
		INNER JOIN PRODUCT P ON C.PRODUCT_ID = P.PRODUCT_ID
		WHERE C.USER_ID = #{userId}
		ORDER BY C.CART_ID DESC
	</select>
	
	<!-- 선택한 항목 삭제 -->
	<delete id="deleteSelect" parameterType="cart">
		DELETE FROM CART WHERE PRODUCT_ID = #{productId}
	</delete>
	
	<!-- (장바구니에 +, - 버튼 눌렀을 때) 수량 업데이트(장바구니 수정) -->
	<update id="updateCnt" parameterType="cart">
		UPDATE CART SET QUANTITY = #{quantity} WHERE PRODUCT_ID = #{productId}
	</update>
	
	<!-- 조회 -->
	<select id="gerProductId" parameterType="cart" resultType="cart">
	SELECT * FROM CART WHERE PRODUCT_ID = #{productId} AND USER_ID = #{userId}
	</select>
</mapper>