<?xml version="1.0" encoding="UTF-8"?>
<!DOCTYPE mapper
  PUBLIC "-//mybatis.org//DTD Mapper 3.0//EN"
  "https://mybatis.org/dtd/mybatis-3-mapper.dtd">
<mapper namespace="noticeDAO">

	<select id="getNoticeList" parameterType="notice" resultType="notice">
		SELECT *
		FROM (
		    SELECT 
		        ROW_NUMBER() OVER (ORDER BY NOTICE_ID DESC) AS ROW_NUM,
		        NOTICE_ID,
		        NOTICE_TITLE,
		        NOTICE_CONTENT,
		        NOTICE_DATE
		    FROM NOTICE
		)
		WHERE ROW_NUM BETWEEN #{startPage} AND #{endPage}
	</select>
	
	<select id="noticeDetail" parameterType="notice" resultType="notice">
		SELECT 
			NOTICE_ID,
	       	NOTICE_TITLE,
	       	NOTICE_CONTENT,
	       	NOTICE_DATE
		FROM NOTICE WHERE NOTICE_ID = #{noticeId}
	</select>
	<!-- 공지사항 총 개수 구하기 -->
	<select id="noticeCount" resultType="Double">
			SELECT COUNT(*) FROM NOTICE
	</select>
	
	<!-- 공지사항 등록 -->
	<insert id="noticeInsert" parameterType="notice">
	    INSERT INTO NOTICE (NOTICE_ID, NOTICE_DATE, NOTICE_CONTENT, NOTICE_TITLE) 
	    VALUES ((SELECT NVL(MAX(NOTICE_ID), 0) + 1 FROM NOTICE), SYSDATE, #{noticeContent}, #{noticeTitle})
	</insert>
	
	<!-- 수정 시 전에 썼던 글 조회 -->
	<select id="updateNoticeView" parameterType="notice" resultType="notice">
		SELECT *
		FROM NOTICE WHERE NOTICE_ID = #{noticeId}
	</select>
	<!-- 공지사항 글 수정 -->
	<update id="noticeUpdate" parameterType="notice">
	    UPDATE NOTICE
		SET NOTICE_CONTENT = #{ noticeContent} , NOTICE_TITLE = #{ noticeTitle}
		WHERE NOTICE_ID = #{ noticeId}
	</update>
	<!-- 공지사항 글 삭제 -->
	<delete id="deleteNotice" parameterType="notice">
	    DELETE NOTICE
		WHERE NOTICE_ID = #{ noticeId}
	</delete>
	
</mapper>